sample_idx,step,timestamp,true,pred,residual,pred_corrected,residual_corrected
0,0,2025-12-09 01:00:00,1727.0699,1749.6860,-22.6161,1749.6860,-22.6161
0,1,2025-12-09 02:00:00,1647.5000,1599.3192,48.1808,1583.4880,64.0120
0,2,2025-12-09 03:00:00,1633.9301,1552.5521,81.3779,1581.5293,52.4008
0,3,2025-12-09 04:00:00,1453.6301,1549.9905,-96.3604,1615.6482,-162.0181
0,4,2025-12-09 05:00:00,1527.6000,1603.1033,-75.5033,1555.3483,-27.7484
0,5,2025-12-09 06:00:00,2162.9099,1821.6666,341.2433,1754.4878,408.4221
0,6,2025-12-09 07:00:00,2772.8899,2691.4292,81.4607,2910.1459,-137.2560
0,7,2025-12-09 08:00:00,3832.8301,3657.4761,175.3540,3780.1136,52.7165
0,8,2025-12-09 09:00:00,4061.7800,4023.4160,38.3640,4182.9551,-121.1750
0,9,2025-12-09 10:00:00,3920.3601,4012.4785,-92.1184,4087.1950,-166.8349
0,10,2025-12-09 11:00:00,3754.3401,3847.1331,-92.7930,3805.0651,-50.7250
0,11,2025-12-09 12:00:00,3479.4600,3640.8552,-161.3953,3563.2798,-83.8198
0,12,2025-12-09 13:00:00,3378.9099,3461.6719,-82.7620,3325.4226,53.4874
0,13,2025-12-09 14:00:00,3549.2600,3322.1965,227.0635,3223.3884,325.8716
0,14,2025-12-09 15:00:00,3354.6699,3228.1040,126.5659,3357.4060,-2.7361
0,15,2025-12-09 16:00:00,3061.3401,3191.6143,-130.2742,3319.0010,-257.6609
0,16,2025-12-09 17:00:00,3087.5701,3225.8459,-138.2759,3172.8700,-85.3000
0,17,2025-12-09 18:00:00,3195.5300,3333.7363,-138.2063,3221.0504,-25.5204
0,18,2025-12-09 19:00:00,3511.2800,3471.8667,39.4133,3341.3165,169.9635
0,19,2025-12-09 20:00:00,3375.1101,3606.2568,-231.1467,3594.6811,-219.5710
0,20,2025-12-09 21:00:00,3868.4500,3683.6558,184.7942,3518.3803,350.0696
0,21,2025-12-09 22:00:00,3763.0200,3585.3691,177.6509,3665.1424,97.8776
0,22,2025-12-09 23:00:00,3035.3000,3120.6514,-85.3513,3268.9390,-233.6389
0,23,2025-12-10 00:00:00,2347.9099,2264.0996,83.8103,2248.8400,99.0699
1,0,2025-12-10 01:00:00,1941.1899,1771.5818,169.6082,1825.6711,115.5188
1,1,2025-12-10 02:00:00,1946.0699,1619.3645,326.7054,1754.3170,191.7529
1,2,2025-12-10 03:00:00,1918.7600,1567.5291,351.2310,1836.7086,82.0514
1,3,2025-12-10 04:00:00,1848.7800,1557.9912,290.7888,1884.6067,-35.8267
1,4,2025-12-10 05:00:00,1715.3101,1599.4836,115.8264,1901.0205,-185.7104
1,5,2025-12-10 06:00:00,1907.0100,1808.0277,98.9823,1979.5673,-72.5572
1,6,2025-12-10 07:00:00,2715.3899,2619.3499,96.0400,2740.0993,-24.7094
1,7,2025-12-10 08:00:00,3667.5300,3614.4355,53.0945,3717.8884,-50.3584
1,8,2025-12-10 09:00:00,3981.3000,3953.1875,28.1125,4021.3895,-40.0894
1,9,2025-12-10 10:00:00,3904.9800,3932.8562,-27.8762,3972.9956,-68.0156
1,10,2025-12-10 11:00:00,3605.8701,3774.9751,-169.1050,3767.5036,-161.6334
1,11,2025-12-10 12:00:00,3449.4399,3573.8813,-124.4414,3453.2664,-3.8265
1,12,2025-12-10 13:00:00,3422.8501,3395.7900,27.0601,3272.4966,150.3535
1,13,2025-12-10 14:00:00,3206.2000,3262.9399,-56.7400,3244.8939,-38.6940
1,14,2025-12-10 15:00:00,3300.6001,3178.5830,122.0171,3133.4512,167.1489
1,15,2025-12-10 16:00:00,2942.7100,3147.7812,-205.0713,3219.6537,-276.9437
1,16,2025-12-10 17:00:00,3016.4900,3180.7881,-164.2981,3058.7999,-42.3099
1,17,2025-12-10 18:00:00,3076.5300,3275.5332,-199.0032,3123.9281,-47.3981
1,18,2025-12-10 19:00:00,3619.6101,3395.4509,224.1592,3210.6672,408.9429
1,19,2025-12-10 20:00:00,3393.1899,3514.7605,-121.5706,3616.2368,-223.0469
1,20,2025-12-10 21:00:00,4559.2798,3590.7776,968.5022,3536.1211,1023.1587
1,21,2025-12-10 22:00:00,4268.2998,3519.7458,748.5540,4181.3004,86.9994
1,22,2025-12-10 23:00:00,3086.6599,3003.9607,82.6992,3726.4148,-639.7549
1,23,2025-12-11 00:00:00,2456.0500,2156.8318,299.2183,2431.4575,24.5926
2,0,2025-12-11 01:00:00,1670.2800,1780.2695,-109.9895,2072.1100,-401.8300
2,1,2025-12-11 02:00:00,1479.8501,1617.4270,-137.5769,1627.9865,-148.1364
2,2,2025-12-11 03:00:00,1654.3700,1558.0033,96.3667,1464.8673,189.5027
2,3,2025-12-11 04:00:00,1450.9200,1549.5880,-98.6680,1589.1039,-138.1839
2,4,2025-12-11 05:00:00,1523.8000,1599.6643,-75.8643,1542.4515,-18.6514
2,5,2025-12-11 06:00:00,1702.6501,1815.3173,-112.6671,1745.0484,-42.3983
2,6,2025-12-11 07:00:00,2776.8701,2607.2327,169.6375,2507.2850,269.5851
2,7,2025-12-11 08:00:00,3834.8201,3592.3074,242.5127,3681.0693,153.7508
2,8,2025-12-11 09:00:00,4010.2400,3910.9817,99.2583,4107.3692,-97.1292
2,9,2025-12-11 10:00:00,4175.5298,3912.7629,262.7668,4041.1600,134.3698
2,10,2025-12-11 11:00:00,3684.3501,3769.8008,-85.4507,3992.2567,-307.9066
2,11,2025-12-11 12:00:00,3409.6499,3581.6956,-172.0457,3588.6169,-178.9669
2,12,2025-12-11 13:00:00,3423.5701,3404.3149,19.2551,3285.9594,137.6107
2,13,2025-12-11 14:00:00,3273.8401,3271.2495,2.5906,3249.2214,24.6187
2,14,2025-12-11 15:00:00,3020.4700,3183.6438,-163.1738,3178.8488,-158.3788
2,15,2025-12-11 16:00:00,3090.8201,3147.5745,-56.7544,3031.9143,58.9058
2,16,2025-12-11 17:00:00,3095.3401,3177.0759,-81.7358,3102.6498,-7.3097
2,17,2025-12-11 18:00:00,3255.5701,3267.8752,-12.3052,3188.3323,67.2378
2,18,2025-12-11 19:00:00,3367.1499,3383.8621,-16.7122,3351.3856,15.7643
2,19,2025-12-11 20:00:00,3361.0000,3512.1758,-151.1758,3490.7343,-129.7343
2,20,2025-12-11 21:00:00,4563.0801,3609.0454,954.0347,3496.7899,1066.2902
2,21,2025-12-11 22:00:00,4338.6499,3559.2527,779.3972,4193.4003,145.2496
2,22,2025-12-11 23:00:00,3048.3201,3046.3308,1.9893,3782.1531,-733.8331
2,23,2025-12-12 00:00:00,2436.7000,2217.7632,218.9368,2439.9024,-3.2024
3,0,2025-12-12 01:00:00,1689.4500,1811.1145,-121.6646,2031.0120,-341.5620
3,1,2025-12-12 02:00:00,1708.4399,1633.3616,75.0784,1614.1656,94.2743
3,2,2025-12-12 03:00:00,1565.0302,1565.4336,-0.4034,1612.2297,-47.1995
3,3,2025-12-12 04:00:00,1512.7700,1555.2725,-42.5024,1569.0289,-56.2589
3,4,2025-12-12 05:00:00,1614.9500,1610.2432,4.7068,1584.6184,30.3316
3,5,2025-12-12 06:00:00,1960.9000,1846.2224,114.6776,1841.8297,119.0703
3,6,2025-12-12 07:00:00,2742.6899,2697.0684,45.6216,2776.0249,-33.3349
3,7,2025-12-12 08:00:00,3652.1599,3613.0239,39.1360,3668.6460,-16.4861
3,8,2025-12-12 09:00:00,3582.0000,3925.4265,-343.4265,3969.5083,-387.5083
3,9,2025-12-12 10:00:00,3671.6899,3938.8098,-267.1199,3711.6358,-39.9459
3,10,2025-12-12 11:00:00,3570.2400,3802.6321,-232.3921,3547.4960,22.7440
3,11,2025-12-12 12:00:00,3465.7100,3607.1763,-141.4663,3367.9610,97.7490
3,12,2025-12-12 13:00:00,3308.3799,3419.3994,-111.0195,3248.6084,59.7715
3,13,2025-12-12 14:00:00,3004.3799,3269.3284,-264.9485,3140.3774,-135.9975
3,14,2025-12-12 15:00:00,3665.3601,3175.5740,489.7861,2951.4247,713.9354
3,15,2025-12-12 16:00:00,3440.5701,3152.3357,288.2344,3427.9412,12.6289
3,16,2025-12-12 17:00:00,3144.8899,3186.4304,-41.5405,3470.8761,-325.9862
3,17,2025-12-12 18:00:00,3239.2900,3269.1006,-29.8105,3325.3559,-86.0659
3,18,2025-12-12 19:00:00,3075.8101,3381.7778,-305.9678,3377.7871,-301.9770
3,19,2025-12-12 20:00:00,3389.3999,3506.3796,-116.9797,3291.0050,98.3949
3,20,2025-12-12 21:00:00,3558.8501,3601.8167,-42.9666,3455.3184,103.5317
3,21,2025-12-12 22:00:00,3277.8101,3536.1221,-258.3120,3462.0960,-184.2860
3,22,2025-12-12 23:00:00,2917.3899,3088.9612,-171.5713,2885.9350,31.4549
3,23,2025-12-13 00:00:00,2517.7200,2273.4438,244.2761,2092.4361,425.2839
4,0,2025-12-13 01:00:00,1759.4399,1837.6145,-78.1746,1954.3055,-194.8655
4,1,2025-12-13 02:00:00,1458.8800,1591.4741,-132.5941,1571.7592,-112.8792
4,2,2025-12-13 03:00:00,1433.5601,1526.2029,-92.6428,1427.4725,6.0875
4,3,2025-12-13 04:00:00,1624.5302,1521.0939,103.4363,1426.6248,197.9054
4,4,2025-12-13 05:00:00,1599.0300,1576.8728,22.1572,1620.9375,-21.9074
4,5,2025-12-13 06:00:00,2077.3701,1771.2247,306.1454,1799.9542,277.4159
4,6,2025-12-13 07:00:00,2359.4800,2422.8286,-63.3486,2645.7492,-286.2692
4,7,2025-12-13 08:00:00,3070.2000,3346.8245,-276.6245,3369.3566,-299.1567
4,8,2025-12-13 09:00:00,3478.1899,3776.0579,-297.8679,3589.1803,-110.9904
4,9,2025-12-13 10:00:00,3597.1899,3840.0833,-242.8933,3575.5125,21.6775
4,10,2025-12-13 11:00:00,3756.5100,3720.4106,36.0994,3471.0141,285.4959
4,11,2025-12-13 12:00:00,3431.3501,3518.1169,-86.7668,3468.5675,-37.2174
4,12,2025-12-13 13:00:00,3279.2600,3302.7986,-23.5386,3227.1970,52.0630
4,13,2025-12-13 14:00:00,3727.5801,3131.1860,596.3940,3092.0285,635.5515
4,14,2025-12-13 15:00:00,3772.2400,3032.3472,739.8928,3438.0758,334.1642
4,15,2025-12-13 16:00:00,3246.3501,2994.3516,251.9985,3633.9951,-387.6450
4,16,2025-12-13 17:00:00,2913.4099,3022.8992,-109.4893,3391.1912,-477.7813
4,17,2025-12-13 18:00:00,3414.1699,3101.3350,312.8350,3135.1801,278.9898
4,18,2025-12-13 19:00:00,3266.7800,3216.5212,50.2588,3445.6593,-178.8792
4,19,2025-12-13 20:00:00,3244.5400,3350.9553,-106.4153,3454.8779,-210.3378
4,20,2025-12-13 21:00:00,3283.7800,3431.3667,-147.5867,3388.0528,-104.2727
4,21,2025-12-13 22:00:00,3320.3101,3344.3123,-24.0022,3228.0074,92.3027
4,22,2025-12-13 23:00:00,3169.3101,2874.5430,294.7671,2822.8500,346.4601
4,23,2025-12-14 00:00:00,2212.8201,2173.8704,38.9497,2364.6994,-151.8794
5,0,2025-12-14 01:00:00,1597.0400,1773.1232,-176.0831,1857.6367,-260.5966
5,1,2025-12-14 02:00:00,1682.4001,1544.7472,137.6530,1446.8431,235.5571
5,2,2025-12-14 03:00:00,1366.1000,1487.1025,-121.0026,1554.0884,-187.9884
5,3,2025-12-14 04:00:00,1416.7400,1486.8773,-70.1373,1422.2713,-5.5313
5,4,2025-12-14 05:00:00,1658.3500,1531.9811,126.3689,1463.5031,194.8468
5,5,2025-12-14 06:00:00,1557.4399,1683.7057,-126.2657,1751.6205,-194.1806
5,6,2025-12-14 07:00:00,2394.0200,2188.9155,205.1045,2120.9040,273.1161
5,7,2025-12-14 08:00:00,2998.5901,3069.9365,-71.3464,3193.1062,-194.5161
5,8,2025-12-14 09:00:00,3887.4399,3582.5625,304.8774,3569.5709,317.8690
5,9,2025-12-14 10:00:00,4061.2300,3695.6843,365.5457,3905.2011,156.0289
5,10,2025-12-14 11:00:00,3971.3501,3610.3579,360.9922,3929.0949,42.2552
5,11,2025-12-14 12:00:00,3795.3899,3446.7971,348.5928,3795.1127,0.2771
5,12,2025-12-14 13:00:00,3449.2500,3260.6274,188.6226,3609.1371,-159.8871
5,13,2025-12-14 14:00:00,3333.7000,3099.3716,234.3284,3335.9603,-2.2603
5,14,2025-12-14 15:00:00,2950.6699,3003.8569,-53.1870,3238.8634,-288.1935
5,15,2025-12-14 16:00:00,2950.1201,2965.9839,-15.8638,2999.2549,-49.1348
5,16,2025-12-14 17:00:00,3043.0801,3000.2781,42.8020,2999.1547,43.9253
5,17,2025-12-14 18:00:00,3960.8701,3089.7014,871.1687,3119.3258,841.5443
5,18,2025-12-14 19:00:00,4001.3701,3213.8748,787.4954,3832.5802,168.7899
5,19,2025-12-14 20:00:00,3552.8799,3343.2634,209.6165,4080.1218,-527.2419
5,20,2025-12-14 21:00:00,3902.0901,3416.1697,485.9204,3783.9587,118.1314
5,21,2025-12-14 22:00:00,3335.6799,3306.5518,29.1282,3757.0328,-421.3528
5,22,2025-12-14 23:00:00,2773.0801,2802.0781,-28.9980,2957.6121,-184.5321
5,23,2025-12-15 00:00:00,2201.6101,2092.3818,109.2283,2118.7434,82.8667
6,0,2025-12-15 01:00:00,1557.8000,1745.6774,-187.8773,1830.0456,-272.2456
6,1,2025-12-15 02:00:00,1545.5000,1558.3561,-12.8561,1452.1524,93.3476
6,2,2025-12-15 03:00:00,1567.7400,1504.5123,63.2277,1463.6520,104.0880
6,3,2025-12-15 04:00:00,1377.6801,1498.1494,-120.4694,1530.1507,-152.4706
6,4,2025-12-15 05:00:00,1457.4301,1545.4445,-88.0144,1470.7163,-13.2862
6,5,2025-12-15 06:00:00,1772.2800,1750.4436,21.8364,1666.4151,105.8650
6,6,2025-12-15 07:00:00,2523.6899,2509.7986,13.8914,2499.8755,23.8144
6,7,2025-12-15 08:00:00,3568.9700,3423.8191,145.1509,3430.5661,138.4038
6,8,2025-12-15 09:00:00,3632.6299,3832.7607,-200.1309,3936.3905,-303.7606
6,9,2025-12-15 10:00:00,3706.6001,3870.5449,-163.9448,3761.5422,-54.9421
6,10,2025-12-15 11:00:00,3341.2900,3749.0569,-407.7668,3601.5947,-260.3047
6,11,2025-12-15 12:00:00,3278.1799,3571.5271,-293.3472,3241.8517,36.3283
6,12,2025-12-15 13:00:00,3054.2900,3384.6201,-330.3301,3080.3745,-26.0844
6,13,2025-12-15 14:00:00,3045.0701,3234.0969,-189.0269,2911.5922,133.4779
6,14,2025-12-15 15:00:00,3163.8799,3147.2302,16.6497,2918.1600,245.7199
6,15,2025-12-15 16:00:00,2892.4299,3123.5054,-231.0754,3066.4391,-174.0091
6,16,2025-12-15 17:00:00,3689.4199,3170.1736,519.2463,2991.3009,698.1190
6,17,2025-12-15 18:00:00,4868.1602,3267.9351,1600.2251,3577.7457,1290.4145
6,18,2025-12-15 19:00:00,3409.2900,3379.7083,29.5818,4592.8090,-1183.5190
6,19,2025-12-15 20:00:00,3538.9500,3489.4824,49.4675,3874.1199,-335.1699
6,20,2025-12-15 21:00:00,3574.9399,3554.8445,20.0955,3704.8630,-129.9231
6,21,2025-12-15 22:00:00,3494.4700,3468.2700,26.2000,3527.3424,-32.8724
6,22,2025-12-15 23:00:00,3154.6599,3011.7803,142.8796,3047.8420,106.8180
6,23,2025-12-16 00:00:00,2302.8799,2202.0471,100.8328,2312.8814,-10.0015
7,0,2025-12-16 01:00:00,1963.4301,1738.7578,224.6722,1842.5910,120.8390
7,1,2025-12-16 02:00:00,1914.2400,1574.2872,339.9528,1762.7078,151.5322
7,2,2025-12-16 03:00:00,1605.3600,1527.7798,77.5802,1822.2729,-216.9129
7,3,2025-12-16 04:00:00,1624.7100,1524.9041,99.8059,1667.5581,-42.8482
7,4,2025-12-16 05:00:00,1534.6500,1576.1384,-41.4884,1688.7988,-154.1488
7,5,2025-12-16 06:00:00,1847.8700,1788.4819,59.3881,1793.2382,54.6318
7,6,2025-12-16 07:00:00,2490.7800,2623.2468,-132.4668,2666.2453,-175.4653
7,7,2025-12-16 08:00:00,3730.6499,3561.9790,168.6709,3482.1518,248.4981
7,8,2025-12-16 09:00:00,3767.7200,3918.9033,-151.1833,4013.0248,-245.3048
7,9,2025-12-16 10:00:00,3966.1101,3918.2878,47.8223,3840.6959,125.4142
7,10,2025-12-16 11:00:00,3854.3501,3759.8784,94.4717,3770.0764,84.2737
7,11,2025-12-16 12:00:00,3408.2000,3558.2224,-150.0225,3627.4120,-219.2120
7,12,2025-12-16 13:00:00,3510.5601,3378.5083,132.0518,3294.2495,216.3106
7,13,2025-12-16 14:00:00,3227.8999,3240.5212,-12.6213,3307.6798,-79.7799
7,14,2025-12-16 15:00:00,3405.8501,3152.1548,253.6953,3163.4674,242.3827
7,15,2025-12-16 16:00:00,3047.2400,3147.5540,-100.3140,3328.5345,-281.2945
7,16,2025-12-16 17:00:00,3118.1299,3234.2876,-116.1577,3218.3620,-100.2321
7,17,2025-12-16 18:00:00,3158.0901,3345.3904,-187.3003,3259.3023,-101.2122
7,18,2025-12-16 19:00:00,3459.9199,3437.7173,22.2026,3280.7807,179.1393
7,19,2025-12-16 20:00:00,3407.1201,3528.2673,-121.1472,3496.7282,-89.6081
7,20,2025-12-16 21:00:00,3683.8101,3589.5291,94.2810,3495.2643,188.5458
7,21,2025-12-16 22:00:00,3955.8000,3505.8586,449.9414,3543.5759,412.2241
7,22,2025-12-16 23:00:00,3701.7100,3072.8921,628.8179,3399.1663,302.5437
7,23,2025-12-17 00:00:00,2704.1699,2230.1265,474.0435,2768.1812,-64.0113
8,0,2025-12-17 01:00:00,1779.3300,1818.8286,-39.4987,2312.0755,-532.7455
8,1,2025-12-17 02:00:00,1569.0101,1606.7250,-37.7148,1727.0500,-158.0398
8,2,2025-12-17 03:00:00,1393.0500,1549.1224,-156.0724,1558.8195,-165.7695
8,3,2025-12-17 04:00:00,1474.0699,1540.5558,-66.4858,1434.2142,39.8557
8,4,2025-12-17 05:00:00,1707.5400,1584.9839,122.5562,1506.5413,200.9987
8,5,2025-12-17 06:00:00,1944.8101,1786.9924,157.8176,1849.2490,95.5611
8,6,2025-12-17 07:00:00,2695.8601,2531.9592,163.9009,2661.1085,34.7516
8,7,2025-12-17 08:00:00,3922.7100,3492.9954,429.7146,3646.4708,276.2392
8,8,2025-12-17 09:00:00,3904.9800,3854.0613,50.9187,4200.9041,-295.9241
8,9,2025-12-17 10:00:00,3764.1101,3853.4695,-89.3594,3993.1654,-229.0553
8,10,2025-12-17 11:00:00,3938.4399,3710.5742,227.8657,3689.9314,248.5085
8,11,2025-12-17 12:00:00,3487.4099,3516.9292,-29.5193,3670.2424,-182.8325
8,12,2025-12-17 13:00:00,3268.0500,3345.9192,-77.8691,3371.2496,-103.1996
8,13,2025-12-17 14:00:00,3354.1299,3224.3684,129.7615,3177.4591,176.6707
8,14,2025-12-17 15:00:00,3319.0500,3153.1196,165.9304,3229.8799,89.1702
8,15,2025-12-17 16:00:00,3216.8701,3144.5681,72.3020,3283.7475,-66.8774
8,16,2025-12-17 17:00:00,3091.5400,3205.2065,-113.6665,3297.5718,-206.0317
8,17,2025-12-17 18:00:00,3254.1201,3296.2539,-42.1338,3244.3969,9.7232
8,18,2025-12-17 19:00:00,3405.3101,3366.6880,38.6221,3321.6372,83.6728
8,19,2025-12-17 20:00:00,3480.7200,3456.5850,24.1350,3470.1052,10.6148
8,20,2025-12-17 21:00:00,3708.7700,3533.1084,175.6616,3554.0590,154.7110
8,21,2025-12-17 22:00:00,3609.3000,3493.9058,115.3943,3623.1541,-13.8540
8,22,2025-12-17 23:00:00,3042.5300,3050.1472,-7.6172,3169.6977,-127.1677
8,23,2025-12-18 00:00:00,2324.2200,2201.7034,122.5166,2232.2365,91.9835
9,0,2025-12-18 01:00:00,1778.4301,1745.5001,32.9299,1840.4217,-61.9916
9,1,2025-12-18 02:00:00,1450.5601,1600.9434,-150.3833,1652.4708,-201.9107
9,2,2025-12-18 03:00:00,1452.3700,1546.1683,-93.7983,1456.3583,-3.9883
9,3,2025-12-18 04:00:00,1513.8500,1539.2435,-25.3936,1446.6417,67.2083
9,4,2025-12-18 05:00:00,1768.4800,1589.8615,178.6185,1544.3054,224.1746
9,5,2025-12-18 06:00:00,2055.4800,1800.4658,255.0142,1911.8320,143.6480
9,6,2025-12-18 07:00:00,3227.7200,2563.4470,664.2729,2775.3668,452.3532
9,7,2025-12-18 08:00:00,3686.7000,3557.7783,128.9216,4086.3453,-399.6454
9,8,2025-12-18 09:00:00,3782.0100,3900.6565,-118.6465,4149.4717,-367.4617
9,9,2025-12-18 10:00:00,3952.1799,3905.0500,47.1299,3896.6421,55.5379
9,10,2025-12-18 11:00:00,3697.7400,3761.0679,-63.3279,3791.5364,-93.7964
9,11,2025-12-18 12:00:00,3439.4900,3570.7998,-131.3098,3535.6108,-96.1209
9,12,2025-12-18 13:00:00,3334.0601,3391.2920,-57.2319,3288.8184,45.2416
9,13,2025-12-18 14:00:00,3314.7100,3264.6628,50.0471,3193.8584,120.8515
9,14,2025-12-18 15:00:00,2943.7900,3188.2874,-244.4973,3202.0790,-258.2890
9,15,2025-12-18 16:00:00,2987.5601,3156.7244,-169.1643,2989.7137,-2.1537
9,16,2025-12-18 17:00:00,3104.7500,3185.2627,-80.5127,3016.7445,88.0055
9,17,2025-12-18 18:00:00,3243.2700,3264.4233,-21.1533,3157.5090,85.7610
9,18,2025-12-18 19:00:00,3569.3401,3366.4255,202.9146,3319.5439,249.7962
9,19,2025-12-18 20:00:00,3575.6699,3473.3342,102.3357,3601.3099,-25.6400
9,20,2025-12-18 21:00:00,3727.2100,3548.2153,178.9946,3658.2430,68.9669
9,21,2025-12-18 22:00:00,3580.0100,3495.7729,84.2371,3654.0775,-74.0675
9,22,2025-12-18 23:00:00,3292.1001,3013.4712,278.6289,3119.9285,172.1716
9,23,2025-12-19 00:00:00,2361.6499,2190.2971,171.3528,2417.2745,-55.6246
10,0,2025-12-19 01:00:00,1866.8600,1763.8571,103.0029,1951.8972,-85.0372
10,1,2025-12-19 02:00:00,1701.3900,1602.7365,98.6536,1731.2506,-29.8605
10,2,2025-12-19 03:00:00,1488.3500,1540.9423,-52.5923,1648.5540,-160.2040
10,3,2025-12-19 04:00:00,1468.8199,1533.1736,-64.3536,1528.6425,-59.8226
10,4,2025-12-19 05:00:00,1816.0402,1585.9966,230.0436,1539.5897,276.4505
10,5,2025-12-19 06:00:00,2026.3700,1810.2046,216.1654,1957.3130,69.0570
10,6,2025-12-19 07:00:00,2838.8999,2615.0066,223.8933,2810.4549,28.4450
10,7,2025-12-19 08:00:00,3648.9099,3533.9668,114.9431,3749.3266,-100.4167
10,8,2025-12-19 09:00:00,3995.5901,3863.5632,132.0269,4008.6314,-13.0413
10,9,2025-12-19 10:00:00,3906.2500,3885.7808,20.4692,4021.7200,-115.4700
10,10,2025-12-19 11:00:00,4468.6802,3754.2061,714.4741,3809.3163,659.3639
10,11,2025-12-19 12:00:00,4219.4702,3563.3821,656.0881,4080.0470,139.4232
10,12,2025-12-19 13:00:00,3784.1799,3377.4055,406.7744,3991.6667,-207.4868
10,13,2025-12-19 14:00:00,3190.2800,3234.8584,-44.5784,3703.8788,-513.5988
10,14,2025-12-19 15:00:00,3202.5801,3150.3438,52.2363,3259.8450,-57.2649
10,15,2025-12-19 16:00:00,3008.7200,3126.6501,-117.9302,3196.0660,-187.3460
10,16,2025-12-19 17:00:00,3036.5701,3158.2317,-121.6616,3096.5053,-59.9352
10,17,2025-12-19 18:00:00,3410.5500,3237.6506,172.8994,3133.9696,276.5805
10,18,2025-12-19 19:00:00,3235.6799,3339.3523,-103.6724,3429.2776,-193.5976
10,19,2025-12-19 20:00:00,3314.3401,3436.0876,-121.7476,3390.4946,-76.1545
10,20,2025-12-19 21:00:00,3706.4199,3496.1230,210.2969,3397.2218,309.1981
10,21,2025-12-19 22:00:00,3639.8701,3410.9705,228.8997,3528.5079,111.3622
10,22,2025-12-19 23:00:00,2936.5601,2965.6335,-29.0735,3161.1245,-224.5645
10,23,2025-12-20 00:00:00,2671.4399,2192.0066,479.4333,2230.3024,441.1375
11,0,2025-12-20 01:00:00,1798.5000,1857.5992,-59.0992,2204.6913,-406.1913
11,1,2025-12-20 02:00:00,1642.9800,1584.1901,58.7899,1646.9482,-3.9682
11,2,2025-12-20 03:00:00,1501.7401,1519.6234,-17.8833,1579.6038,-77.8637
11,3,2025-12-20 04:00:00,1516.0201,1517.9990,-1.9789,1523.4748,-7.4547
11,4,2025-12-20 05:00:00,1582.5699,1576.7031,5.8668,1576.9606,5.6093
11,5,2025-12-20 06:00:00,1939.2000,1768.5681,170.6318,1772.7521,166.4478
11,6,2025-12-20 07:00:00,2146.2700,2395.4097,-249.1396,2516.1072,-369.8371
11,7,2025-12-20 08:00:00,3272.7500,3325.5413,-52.7913,3187.3528,85.3972
11,8,2025-12-20 09:00:00,3905.5300,3784.5049,121.0251,3706.0944,199.4356
11,9,2025-12-20 10:00:00,3820.8899,3890.8762,-69.9863,3952.0707,-131.1808
11,10,2025-12-20 11:00:00,3645.8301,3804.7959,-158.9658,3774.1638,-128.3337
11,11,2025-12-20 12:00:00,3360.8201,3616.9263,-256.1062,3496.4606,-135.6405
11,12,2025-12-20 13:00:00,3429.7200,3400.3108,29.4092,3184.8967,244.8232
11,13,2025-12-20 14:00:00,3002.2100,3217.1631,-214.9531,3173.1253,-170.9153
11,14,2025-12-20 15:00:00,2989.9099,3105.6377,-115.7278,2941.9592,47.9507
11,15,2025-12-20 16:00:00,3143.9900,3066.0930,77.8970,2935.9800,208.0100
11,16,2025-12-20 17:00:00,3023.7300,3100.9575,-77.2275,3116.4515,-92.7215
11,17,2025-12-20 18:00:00,3294.0901,3175.1597,118.9304,3125.7486,168.3415
11,18,2025-12-20 19:00:00,3108.0000,3271.0737,-163.0737,3339.5017,-231.5017
11,19,2025-12-20 20:00:00,3191.9099,3387.3196,-195.4097,3293.6964,-101.7864
11,20,2025-12-20 21:00:00,3869.3601,3460.4333,408.9268,3295.5596,573.8005
11,21,2025-12-20 22:00:00,3926.3201,3373.6255,552.6946,3610.4121,315.9080
11,22,2025-12-20 23:00:00,2841.4399,2907.3491,-65.9092,3365.2713,-523.8314
11,23,2025-12-21 00:00:00,2262.0100,2199.5737,62.4363,2290.8140,-28.8040
12,0,2025-12-21 01:00:00,1511.8600,1781.5587,-269.6987,1852.6362,-340.7762
12,1,2025-12-21 02:00:00,1498.6600,1544.4441,-45.7841,1376.9782,121.6818
12,2,2025-12-21 03:00:00,1584.2000,1487.0710,97.1289,1404.7824,179.4175
12,3,2025-12-21 04:00:00,1483.8301,1487.1455,-3.3154,1530.4492,-46.6191
12,4,2025-12-21 05:00:00,1584.7400,1530.9780,53.7620,1541.6483,43.0917
12,5,2025-12-21 06:00:00,1821.4700,1677.1316,144.3384,1717.9661,103.5039
12,6,2025-12-21 07:00:00,2210.1101,2184.2910,25.8191,2297.5782,-87.4681
12,7,2025-12-21 08:00:00,2761.3201,3098.2319,-336.9119,3150.2915,-388.9714
12,8,2025-12-21 09:00:00,3262.4399,3655.6228,-393.1829,3435.4024,-172.9624
12,9,2025-12-21 10:00:00,3342.5601,3798.3137,-455.7537,3457.0196,-114.4595
12,10,2025-12-21 11:00:00,3441.8401,3727.7429,-285.9028,3306.3271,135.5130
12,11,2025-12-21 12:00:00,3462.8201,3564.1948,-101.3748,3237.6381,225.1820
12,12,2025-12-21 13:00:00,3081.2400,3359.4053,-278.1653,3190.4759,-109.2359
12,13,2025-12-21 14:00:00,2900.0300,3159.5708,-259.5408,2914.1763,-14.1463
12,14,2025-12-21 15:00:00,2908.5300,3032.7363,-124.2063,2777.4394,131.0906
12,15,2025-12-21 16:00:00,2833.8401,2995.0171,-161.1770,2831.4836,2.3565
12,16,2025-12-21 17:00:00,2784.4700,3038.7671,-254.2971,2876.8831,-92.4132
12,17,2025-12-21 18:00:00,3109.8101,3130.9231,-21.1130,2904.3499,205.4601
12,18,2025-12-21 19:00:00,3288.4800,3254.8162,33.6638,3172.0651,116.4149
12,19,2025-12-21 20:00:00,3387.5901,3386.7944,0.7957,3385.5338,2.0563
12,20,2025-12-21 21:00:00,3515.0801,3471.6533,43.4268,3471.8321,43.2480
12,21,2025-12-21 22:00:00,3432.8000,3372.5452,60.2549,3402.9975,29.8025
12,22,2025-12-21 23:00:00,2639.0701,2869.7065,-230.6365,2921.0207,-281.9506
12,23,2025-12-22 00:00:00,2273.0400,2135.0149,138.0251,1988.9636,284.0764
13,0,2025-12-22 01:00:00,1649.3102,1724.3457,-75.0355,1777.1479,-127.8377
13,1,2025-12-22 02:00:00,1429.4001,1531.0309,-101.6307,1494.3467,-64.9465
13,2,2025-12-22 03:00:00,1556.1702,1475.3429,80.8273,1393.1961,162.9740
13,3,2025-12-22 04:00:00,1493.4200,1465.1151,28.3049,1497.0502,-3.6301
13,4,2025-12-22 05:00:00,1479.8501,1503.8630,-24.0129,1533.2570,-53.4069
13,5,2025-12-22 06:00:00,1858.3600,1678.0032,180.3568,1670.0123,188.3477
13,6,2025-12-22 07:00:00,2506.8701,2344.1477,162.7224,2468.0002,38.8699
13,7,2025-12-22 08:00:00,3435.3301,3247.0188,188.3113,3398.0802,37.2498
13,8,2025-12-22 09:00:00,3623.7700,3681.5574,-57.7874,3858.6937,-234.9237
13,9,2025-12-22 10:00:00,3546.7300,3730.4656,-183.7356,3743.1553,-196.4253
13,10,2025-12-22 11:00:00,3568.4299,3622.5679,-54.1379,3497.7599,70.6701
13,11,2025-12-22 12:00:00,3910.2300,3462.8003,447.4297,3387.4613,522.7686
13,12,2025-12-22 13:00:00,3655.4199,3283.8984,371.5215,3574.4975,80.9224
13,13,2025-12-22 14:00:00,3025.1699,3118.8120,-93.6421,3466.0568,-440.8869
13,14,2025-12-22 15:00:00,3038.1899,3019.6812,18.5088,3058.3051,-20.1152
13,15,2025-12-22 16:00:00,3104.0200,2997.6746,106.3455,3022.2179,81.8021
13,16,2025-12-22 17:00:00,2686.0901,3048.3662,-362.2761,3130.1710,-444.0809
13,17,2025-12-22 18:00:00,3348.7100,3146.0056,202.7043,2916.9538,431.7562
13,18,2025-12-22 19:00:00,3191.9099,3264.6406,-72.7307,3337.8181,-145.9082
13,19,2025-12-22 20:00:00,3385.0500,3385.7241,-0.6741,3356.7659,28.2842
13,20,2025-12-22 21:00:00,3575.8501,3460.9402,114.9099,3451.7809,124.0692
13,21,2025-12-22 22:00:00,3274.7400,3379.5642,-104.8242,3457.2533,-182.5134
13,22,2025-12-22 23:00:00,2785.9199,2913.5381,-127.6182,2863.4679,-77.5480
13,23,2025-12-23 00:00:00,2189.1299,2109.9011,79.2288,2005.5473,183.5825
14,0,2025-12-23 01:00:00,1650.7500,1683.1855,-32.4355,1707.3395,-56.5895
14,1,2025-12-23 02:00:00,1553.2800,1538.2662,15.0138,1522.8076,30.4725
14,2,2025-12-23 03:00:00,1384.5500,1494.3938,-109.8438,1500.2658,-115.7158
14,3,2025-12-23 04:00:00,1523.6200,1488.0496,35.5704,1412.9206,110.6994
14,4,2025-12-23 05:00:00,1618.5602,1527.9673,90.5929,1530.3279,88.2323
14,5,2025-12-23 06:00:00,1720.2000,1707.6357,12.5642,1771.7589,-51.5590
14,6,2025-12-23 07:00:00,2385.5300,2433.1597,-47.6296,2461.1916,-75.6615
14,7,2025-12-23 08:00:00,3239.8401,3361.1902,-121.3501,3336.2590,-96.4189
14,8,2025-12-23 09:00:00,3448.3501,3764.2375,-315.8875,3671.8131,-223.4630
14,9,2025-12-23 10:00:00,3202.2200,3795.0913,-592.8713,3546.2428,-344.0228
14,10,2025-12-23 11:00:00,3151.9500,3671.9148,-519.9648,3182.2503,-30.3003
14,11,2025-12-23 12:00:00,2913.9500,3498.5991,-584.6492,2987.7244,-73.7744
14,12,2025-12-23 13:00:00,2983.7600,3320.9043,-337.1443,2758.3875,225.3726
14,13,2025-12-23 14:00:00,2666.2000,3177.2429,-511.0430,2772.4869,-106.2869
14,14,2025-12-23 15:00:00,2866.2100,3086.4399,-220.2300,2607.2830,258.9269
14,15,2025-12-23 16:00:00,2851.7400,3062.6052,-210.8652,2764.6972,87.0428
14,16,2025-12-23 17:00:00,3006.7300,3114.9438,-108.2139,2877.9658,128.7642
14,17,2025-12-23 18:00:00,2983.9399,3213.7913,-229.8513,3066.9481,-83.0082
14,18,2025-12-23 19:00:00,3098.9600,3325.2590,-226.2991,3120.3102,-21.3502
14,19,2025-12-23 20:00:00,3284.8701,3430.0112,-145.1411,3210.1172,74.7529
14,20,2025-12-23 21:00:00,3714.0100,3495.6689,218.3411,3328.1020,385.9080
14,21,2025-12-23 22:00:00,3496.4600,3414.0986,82.3613,3516.6673,-20.2073
14,22,2025-12-23 23:00:00,3065.3201,2982.8020,82.5181,3071.2255,-5.9055
14,23,2025-12-24 00:00:00,2341.2200,2156.4771,184.7429,2240.7668,100.4532
15,0,2025-12-24 01:00:00,1637.0100,1691.6702,-54.6602,1846.2771,-209.2671
15,1,2025-12-24 02:00:00,1468.8199,1545.1523,-76.3324,1553.2723,-84.4524
15,2,2025-12-24 03:00:00,1496.6700,1496.2585,0.4115,1445.2619,51.4082
15,3,2025-12-24 04:00:00,1479.4900,1484.4131,-4.9231,1469.4021,10.0879
15,4,2025-12-24 05:00:00,1461.0500,1513.3054,-52.2554,1505.3560,-44.3059
15,5,2025-12-24 06:00:00,1778.9701,1678.0084,100.9617,1639.0448,139.9253
15,6,2025-12-24 07:00:00,2448.6399,2329.8447,118.7952,2388.8288,59.8111
15,7,2025-12-24 08:00:00,3522.3201,3271.0486,251.2715,3371.9004,150.4196
15,8,2025-12-24 09:00:00,3686.1599,3668.6458,17.5142,3874.7913,-188.6314
15,9,2025-12-24 10:00:00,3709.4900,3697.2498,12.2402,3771.3533,-61.8634
15,10,2025-12-24 11:00:00,4189.0898,3584.0366,605.0532,3614.8359,574.2540
15,11,2025-12-24 12:00:00,3446.5400,3422.4624,24.0776,3855.2394,-408.6994
15,12,2025-12-24 13:00:00,3175.8201,3252.2607,-76.4407,3398.9482,-223.1281
15,13,2025-12-24 14:00:00,2941.8000,3106.2217,-164.4216,3096.7194,-154.9194
15,14,2025-12-24 15:00:00,2953.2000,3011.7771,-58.5771,2893.8313,59.3687
15,15,2025-12-24 16:00:00,2925.1699,2983.2278,-58.0579,2906.8400,18.3299
15,16,2025-12-24 17:00:00,2795.6799,3026.3525,-230.6726,2962.7957,-167.1158
15,17,2025-12-24 18:00:00,3164.7900,3118.5984,46.1917,2938.0605,226.7295
15,18,2025-12-24 19:00:00,3232.2400,3229.3716,2.8684,3207.5444,24.6956
15,19,2025-12-24 20:00:00,3325.5601,3335.0161,-9.4561,3330.4758,-4.9158
15,20,2025-12-24 21:00:00,3587.9600,3399.2576,188.7024,3391.2762,196.6837
15,21,2025-12-24 22:00:00,3678.9299,3335.1589,343.7710,3464.8562,214.0737
15,22,2025-12-24 23:00:00,3273.6499,2890.0120,383.6379,3169.5608,104.0891
15,23,2025-12-25 00:00:00,3046.5100,2090.5510,955.9590,2442.9622,603.5478
16,0,2025-12-25 01:00:00,2596.2100,1844.2383,751.9717,2619.1329,-22.9230
16,1,2025-12-25 02:00:00,2419.3401,1572.6902,846.6499,2331.5388,87.8013
16,2,2025-12-25 03:00:00,2427.1201,1501.6356,925.4845,2321.9451,105.1750
16,3,2025-12-25 04:00:00,2383.7200,1489.8502,893.8698,2383.7822,-0.0622
16,4,2025-12-25 05:00:00,2299.2600,1530.6267,768.6333,2424.5151,-125.2551
16,5,2025-12-25 06:00:00,2274.6699,1711.9867,562.6832,2518.1965,-243.5266
16,6,2025-12-25 07:00:00,2750.6499,2384.2949,366.3550,3020.0361,-269.3862
16,7,2025-12-25 08:00:00,3720.5200,3359.3320,361.1880,3806.5029,-85.9829
16,8,2025-12-25 09:00:00,4162.6899,3748.2397,414.4502,4135.2226,27.4673
16,9,2025-12-25 10:00:00,4008.6101,3791.6130,216.9971,4197.8230,-189.2129
16,10,2025-12-25 11:00:00,3791.9600,3676.6677,115.2922,3950.4287,-158.4687
16,11,2025-12-25 12:00:00,3297.5300,3498.7344,-201.2043,3661.5672,-364.0372
16,12,2025-12-25 13:00:00,3252.6799,3318.4116,-65.7317,3226.4184,26.2615
16,13,2025-12-25 14:00:00,3140.9099,3187.4211,-46.5112,3113.8110,27.0989
16,14,2025-12-25 15:00:00,3110.7100,3111.6030,-0.8931,3056.9621,53.7478
16,15,2025-12-25 16:00:00,2944.7000,3085.9902,-141.2903,3068.9728,-124.2729
16,16,2025-12-25 17:00:00,3012.5100,3121.0222,-108.5122,3017.0138,-4.5038
16,17,2025-12-25 18:00:00,3378.7300,3192.9773,185.7527,3085.8162,292.9138
16,18,2025-12-25 19:00:00,3223.3799,3290.7185,-67.3386,3388.5971,-165.2172
16,19,2025-12-25 20:00:00,3475.1201,3394.7410,80.3792,3376.9675,98.1526
16,20,2025-12-25 21:00:00,3570.6001,3471.2573,99.3428,3522.1907,48.4094
16,21,2025-12-25 22:00:00,3711.1201,3426.3821,284.7380,3511.2020,199.9181
16,22,2025-12-25 23:00:00,2895.5100,2985.2778,-89.7678,3210.0404,-314.5304
16,23,2025-12-26 00:00:00,2276.2900,2190.6001,85.6899,2195.1914,81.0986
17,0,2025-12-26 01:00:00,1641.7100,1755.1688,-113.4589,1816.5292,-174.8192
17,1,2025-12-26 02:00:00,1609.7000,1597.3087,12.3912,1536.2956,73.4043
17,2,2025-12-26 03:00:00,1567.0201,1535.9263,31.0939,1526.2962,40.7239
17,3,2025-12-26 04:00:00,1433.5601,1529.8477,-96.2876,1548.7243,-115.1643
17,4,2025-12-26 05:00:00,1525.4301,1584.4114,-58.9813,1522.6731,2.7570
17,5,2025-12-26 06:00:00,1766.6700,1816.9562,-50.2861,1757.1478,9.5223
17,6,2025-12-26 07:00:00,2392.2200,2616.3545,-224.1345,2563.2117,-170.9917
17,7,2025-12-26 08:00:00,4287.6499,3529.0771,758.5728,3356.2401,931.4098
17,8,2025-12-26 09:00:00,4313.5098,3876.5010,437.0088,4355.6508,-42.1410
17,9,2025-12-26 10:00:00,3674.9500,3908.2263,-233.2764,4357.8774,-682.9275
17,10,2025-12-26 11:00:00,4116.0298,3770.5107,345.5190,3742.1126,373.9172
17,11,2025-12-26 12:00:00,4012.0400,3572.9836,439.0564,3806.3275,205.7125
17,12,2025-12-26 13:00:00,3532.9900,3379.2993,153.6907,3756.6420,-223.6520
17,13,2025-12-26 14:00:00,3416.8799,3231.6187,185.2612,3452.4049,-35.5250
17,14,2025-12-26 15:00:00,3628.4700,3149.3318,479.1382,3345.2505,283.2194
17,15,2025-12-26 16:00:00,3140.9099,3126.7771,14.1328,3520.9495,-380.0395
17,16,2025-12-26 17:00:00,3189.3799,3155.8618,33.5181,3284.0065,-94.6266
17,17,2025-12-26 18:00:00,3146.3401,3230.0002,-83.6602,3291.9063,-145.5662
17,18,2025-12-26 19:00:00,3382.8799,3333.0432,49.8367,3293.0529,89.8270
17,19,2025-12-26 20:00:00,3185.0400,3432.9966,-247.9565,3455.8852,-270.8451
17,20,2025-12-26 21:00:00,3590.6799,3500.4788,90.2012,3333.7758,256.9042
17,21,2025-12-26 22:00:00,3546.5500,3441.2427,105.3074,3454.3726,92.1775
17,22,2025-12-26 23:00:00,3124.6399,3064.5945,60.0454,3142.2486,-17.6087
17,23,2025-12-27 00:00:00,2263.6399,2286.2339,-22.5940,2351.5619,-87.9220
18,0,2025-12-27 01:00:00,1535.1899,1779.5856,-244.3956,1783.3682,-248.1782
18,1,2025-12-27 02:00:00,1617.8400,1566.0210,51.8190,1396.0788,221.7611
18,2,2025-12-27 03:00:00,1562.3199,1506.2378,56.0822,1491.5284,70.7915
18,3,2025-12-27 04:00:00,1662.3300,1504.3673,157.9626,1539.2120,123.1179
18,4,2025-12-27 05:00:00,1638.0900,1564.5150,73.5750,1685.5423,-47.4523
18,5,2025-12-27 06:00:00,1556.8900,1764.8085,-207.9185,1852.6191,-295.7291
18,6,2025-12-27 07:00:00,2242.3000,2412.4797,-170.1797,2293.2800,-50.9800
18,7,2025-12-27 08:00:00,3255.7500,3360.2605,-104.5105,3205.3748,50.3752
18,8,2025-12-27 09:00:00,3809.3201,3824.5779,-15.2578,3704.9548,104.3652
18,9,2025-12-27 10:00:00,4151.8398,3913.4551,238.3848,3866.8877,284.9522
18,10,2025-12-27 11:00:00,3938.0801,3799.3523,138.7278,3952.2514,-14.1713
18,11,2025-12-27 12:00:00,3523.7600,3593.8210,-70.0610,3736.8002,-213.0402
18,12,2025-12-27 13:00:00,3342.7400,3378.7676,-36.0276,3372.6186,-29.8786
18,13,2025-12-27 14:00:00,3088.4700,3212.4680,-123.9980,3185.4040,-96.9340
18,14,2025-12-27 15:00:00,3391.9299,3107.0886,284.8413,3012.1708,379.7591
18,15,2025-12-27 16:00:00,3268.0500,3059.7151,208.3350,3230.6287,37.4214
18,16,2025-12-27 17:00:00,2927.8799,3085.8535,-157.9736,3282.9621,-355.0822
18,17,2025-12-27 18:00:00,3416.8799,3167.5791,249.3008,3116.1301,300.7498
18,18,2025-12-27 19:00:00,3343.2800,3272.2615,71.0186,3431.3373,-88.0573
18,19,2025-12-27 20:00:00,3262.9800,3392.6167,-129.6367,3490.0524,-227.0725
18,20,2025-12-27 21:00:00,3621.0601,3471.9927,149.0674,3410.4777,210.5824
18,21,2025-12-27 22:00:00,3325.3799,3402.4075,-77.0276,3488.3001,-162.9203
18,22,2025-12-27 23:00:00,2871.4600,2970.5547,-99.0947,2942.4032,-70.9432
18,23,2025-12-28 00:00:00,2458.4099,2254.8047,203.6052,2176.9929,281.4170
19,0,2025-12-28 01:00:00,1595.0500,1830.6512,-235.6012,1949.8314,-354.7813
19,1,2025-12-28 02:00:00,1479.8501,1548.6487,-68.7986,1419.4819,60.3682
19,2,2025-12-28 03:00:00,1490.5200,1482.0403,8.4797,1395.1312,95.3888
19,3,2025-12-28 04:00:00,1581.6700,1479.1967,102.4734,1459.0598,122.6103
19,4,2025-12-28 05:00:00,1510.2400,1524.2777,-14.0377,1589.9680,-79.7280
19,5,2025-12-28 06:00:00,1722.9100,1680.3492,42.5608,1690.2299,32.6801
19,6,2025-12-28 07:00:00,2239.3999,2220.9573,18.4426,2253.7140,-14.3141
19,7,2025-12-28 08:00:00,3138.3799,3149.9500,-11.5701,3172.6868,-34.3069
19,8,2025-12-28 09:00:00,3656.8701,3687.9402,-31.0701,3686.6622,-29.7921
19,9,2025-12-28 10:00:00,3973.3401,3812.1340,161.2061,3790.0016,183.3385
19,10,2025-12-28 11:00:00,3415.8000,3723.3220,-307.5220,3829.5265,-413.7265
19,11,2025-12-28 12:00:00,3197.7000,3545.7483,-348.0483,3362.3443,-164.6443
19,12,2025-12-28 13:00:00,3153.5701,3346.1265,-192.5564,3047.4714,106.0987
19,13,2025-12-28 14:00:00,3075.6299,3177.6279,-101.9980,2953.2419,122.3879
19,14,2025-12-28 15:00:00,2777.4199,3078.5090,-301.0891,2939.7946,-162.3747
19,15,2025-12-28 16:00:00,2802.3701,3039.9041,-237.5339,2787.5273,14.8428
19,16,2025-12-28 17:00:00,3217.7700,3076.6160,141.1541,2834.6292,383.1408
19,17,2025-12-28 18:00:00,3378.9099,3163.0481,215.8618,3189.2599,189.6500
19,18,2025-12-28 19:00:00,3580.3701,3280.8674,299.5027,3439.8342,140.5359
19,19,2025-12-28 20:00:00,3486.6899,3407.9102,78.7798,3665.2521,-178.5621
19,20,2025-12-28 21:00:00,3854.7100,3494.1497,360.5603,3626.4981,228.2119
19,21,2025-12-28 22:00:00,3557.0400,3410.1926,146.8474,3702.2894,-145.2493
19,22,2025-12-28 23:00:00,2758.9700,2925.1006,-166.1306,3115.5228,-356.5528
19,23,2025-12-29 00:00:00,2324.3999,2174.9829,149.4170,2115.8181,208.5818
20,0,2025-12-29 01:00:00,1730.3199,1760.3524,-30.0325,1847.1949,-116.8749
20,1,2025-12-29 02:00:00,1547.4900,1551.0088,-3.5188,1556.0388,-8.5488
20,2,2025-12-29 03:00:00,1465.9301,1493.0977,-27.1676,1492.1435,-26.2134
20,3,2025-12-29 04:00:00,1386.3601,1485.1184,-98.7583,1465.8148,-79.4547
20,4,2025-12-29 05:00:00,1660.3400,1530.7432,129.5968,1455.8213,204.5187
20,5,2025-12-29 06:00:00,1997.4301,1727.9524,269.4777,1796.1936,201.2365
20,6,2025-12-29 07:00:00,2715.9299,2459.0271,256.9028,2668.1338,47.7961
20,7,2025-12-29 08:00:00,3776.3999,3396.2451,380.1548,3638.8091,137.5908
20,8,2025-12-29 09:00:00,3785.4500,3816.0801,-30.6301,4154.9576,-369.5077
20,9,2025-12-29 10:00:00,3808.2300,3850.0303,-41.8003,3930.2524,-122.0225
20,10,2025-12-29 11:00:00,3858.5100,3726.6592,131.8508,3721.4656,137.0444
20,11,2025-12-29 12:00:00,3292.6399,3551.2903,-258.6504,3642.0278,-349.3879
20,12,2025-12-29 13:00:00,3260.6299,3369.1770,-108.5471,3215.3430,45.2869
20,13,2025-12-29 14:00:00,3103.3000,3206.6907,-103.3906,3084.5575,18.7426
20,14,2025-12-29 15:00:00,3292.4600,3115.9109,176.5491,3006.8975,285.5625
20,15,2025-12-29 16:00:00,3165.3301,3092.5154,72.8147,3183.3957,-18.0656
20,16,2025-12-29 17:00:00,2928.4199,3132.5234,-204.1035,3210.7578,-282.3379
20,17,2025-12-29 18:00:00,3405.8501,3225.2397,180.6104,3105.8376,300.0125
20,18,2025-12-29 19:00:00,3133.1399,3338.9739,-205.8340,3429.5805,-296.4406
20,19,2025-12-29 20:00:00,3156.1101,3452.6252,-296.5151,3335.7234,-179.6133
20,20,2025-12-29 21:00:00,3648.0000,3525.6782,122.3218,3283.0471,364.9529
20,21,2025-12-29 22:00:00,3475.8401,3449.4304,26.4097,3462.2663,13.5738
20,22,2025-12-29 23:00:00,3199.3301,3013.0908,186.2393,3035.4284,163.9017
20,23,2025-12-30 00:00:00,2245.3701,2197.5598,47.8103,2334.6286,-89.2584
21,0,2025-12-30 01:00:00,2267.2500,1727.9985,539.2515,1802.5864,464.6636
21,1,2025-12-30 02:00:00,2087.4900,1564.0610,523.4290,1963.9134,123.5766
21,2,2025-12-30 03:00:00,1863.9700,1516.6926,347.2773,2003.0486,-139.0786
21,3,2025-12-30 04:00:00,1862.3400,1510.5651,351.7749,1899.5660,-37.2260
21,4,2025-12-30 05:00:00,1648.2201,1556.8295,91.3906,1919.7722,-271.5521
21,5,2025-12-30 06:00:00,1699.2201,1762.8960,-63.6759,1935.7522,-236.5322
21,6,2025-12-30 07:00:00,2571.2500,2564.8452,6.4048,2572.1290,-0.8790
21,7,2025-12-30 08:00:00,3422.6699,3519.0872,-96.4172,3525.7556,-103.0857
21,8,2025-12-30 09:00:00,3669.1599,3899.3447,-230.1848,3833.8532,-164.6933
21,9,2025-12-30 10:00:00,3563.7300,3903.1497,-339.4197,3722.3728,-158.6429
21,10,2025-12-30 11:00:00,3580.9099,3750.0295,-169.1196,3458.2027,122.7072
21,11,2025-12-30 12:00:00,3279.4399,3552.6355,-273.1956,3346.7037,-67.2638
21,12,2025-12-30 13:00:00,3084.1299,3377.0295,-292.8997,3124.0131,-39.8832
21,13,2025-12-30 14:00:00,2807.0701,3250.4165,-443.3464,2969.4818,-162.4117
21,14,2025-12-30 15:00:00,2887.0100,3167.1758,-280.1658,2772.5529,114.4571
21,15,2025-12-30 16:00:00,2757.3401,3142.0798,-384.7397,2827.5769,-70.2368
21,16,2025-12-30 17:00:00,2800.7500,3189.3271,-388.5771,2825.6585,-24.9085
21,17,2025-12-30 18:00:00,3233.8701,3282.0610,-48.1909,2900.9564,332.9137
21,18,2025-12-30 19:00:00,3207.4700,3396.0845,-188.6145,3248.0194,-40.5495
21,19,2025-12-30 20:00:00,3138.9199,3509.5718,-370.6519,3333.1221,-194.2022
21,20,2025-12-30 21:00:00,3593.5701,3583.8259,9.7441,3271.4347,322.1353
21,21,2025-12-30 22:00:00,3439.4900,3509.8938,-70.4038,3422.9973,16.4927
21,22,2025-12-30 23:00:00,2864.9500,3073.4868,-208.5369,2998.1352,-133.1853
21,23,2025-12-31 00:00:00,2250.8000,2221.2429,29.5571,2052.6616,198.1384
22,0,2025-12-31 01:00:00,1715.4900,1715.7101,-0.2201,1685.8257,29.6643
22,1,2025-12-31 02:00:00,1510.7800,1537.7635,-26.9835,1528.6442,-17.8641
22,2,2025-12-31 03:00:00,1417.6400,1473.3197,-55.6797,1451.6954,-34.0554
22,3,2025-12-31 04:00:00,1455.2600,1462.7668,-7.5068,1417.3038,37.9562
22,4,2025-12-31 05:00:00,1555.6300,1504.1588,51.4712,1485.2651,70.3649
22,5,2025-12-31 06:00:00,1789.1000,1709.2623,79.8376,1739.6241,49.4759
22,6,2025-12-31 07:00:00,2334.7100,2361.9375,-27.2275,2426.9324,-92.2224
22,7,2025-12-31 08:00:00,3224.4600,3311.7566,-87.2966,3312.1958,-87.7358
22,8,2025-12-31 09:00:00,3602.9700,3765.1853,-162.2153,3704.2094,-101.2394
22,9,2025-12-31 10:00:00,3465.7100,3843.6704,-377.9604,3711.8269,-246.1170
22,10,2025-12-31 11:00:00,3598.2700,3729.4377,-131.1677,3425.3124,172.9576
22,11,2025-12-31 12:00:00,3259.9099,3534.2649,-274.3550,3351.2099,-91.3000
22,12,2025-12-31 13:00:00,3217.2300,3333.9783,-116.7483,3087.0133,130.2167
22,13,2025-12-31 14:00:00,2941.4399,3168.6389,-227.1990,3012.8256,-71.3857
22,14,2025-12-31 15:00:00,2863.6799,3061.8953,-198.2153,2856.1120,7.5679
22,15,2025-12-31 16:00:00,3008.7200,3004.4204,4.2996,2803.9347,204.7853
22,16,2025-12-31 17:00:00,2916.6699,3001.6536,-84.9836,2944.5175,-27.8476
22,17,2025-12-31 18:00:00,2981.7700,3036.9446,-55.1746,2960.3152,21.4548
22,18,2025-12-31 19:00:00,3003.2900,3079.4639,-76.1738,3017.8529,-14.5628
22,19,2025-12-31 20:00:00,2943.7900,3119.0896,-175.2996,3047.2846,-103.4946
22,20,2025-12-31 21:00:00,3781.8301,3121.4824,660.3477,2977.2312,804.5988
22,21,2025-12-31 22:00:00,3705.5100,3010.0859,695.4241,3429.0539,276.4561
22,22,2025-12-31 23:00:00,2555.5200,2646.4575,-90.9375,3258.9448,-703.4248
22,23,2026-01-01 00:00:00,2363.8201,2055.1079,308.7122,2175.1978,188.6222
