date,n_hours,mae,mape,mape_raw,mape_used,plot_path,csv_path
2025-10-03,24,210.1066711425781,7.140783931370268,7.140783931370268,24,d:\Junshan_Project\transformer_pkg\results\junshan_L1D_P24H_1h_transformer_nextday16h_mc_20260901_002524\compare_20251003.png,d:\Junshan_Project\transformer_pkg\results\junshan_L1D_P24H_1h_transformer_nextday16h_mc_20260901_002524\compare_20251003.csv
2025-10-04,24,245.593315633138,8.490199388274952,8.490199388274952,24,d:\Junshan_Project\transformer_pkg\results\junshan_L1D_P24H_1h_transformer_nextday16h_mc_20260901_002524\compare_20251004.png,d:\Junshan_Project\transformer_pkg\results\junshan_L1D_P24H_1h_transformer_nextday16h_mc_20260901_002524\compare_20251004.csv
2025-10-05,24,391.1520955403646,12.675232081313865,12.675232081313865,24,d:\Junshan_Project\transformer_pkg\results\junshan_L1D_P24H_1h_transformer_nextday16h_mc_20260901_002524\compare_20251005.png,d:\Junshan_Project\transformer_pkg\results\junshan_L1D_P24H_1h_transformer_nextday16h_mc_20260901_002524\compare_20251005.csv
2025-10-06,24,349.8341868082682,10.699936886754193,10.699936886754193,24,d:\Junshan_Project\transformer_pkg\results\junshan_L1D_P24H_1h_transformer_nextday16h_mc_20260901_002524\compare_20251006.png,d:\Junshan_Project\transformer_pkg\results\junshan_L1D_P24H_1h_transformer_nextday16h_mc_20260901_002524\compare_20251006.csv
2025-10-07,24,525.8529052734375,14.279325081999742,14.279325081999742,24,d:\Junshan_Project\transformer_pkg\results\junshan_L1D_P24H_1h_transformer_nextday16h_mc_20260901_002524\compare_20251007.png,d:\Junshan_Project\transformer_pkg\results\junshan_L1D_P24H_1h_transformer_nextday16h_mc_20260901_002524\compare_20251007.csv
2025-10-08,24,450.51374206542977,11.732049860906786,11.732049860906786,24,d:\Junshan_Project\transformer_pkg\results\junshan_L1D_P24H_1h_transformer_nextday16h_mc_20260901_002524\compare_20251008.png,d:\Junshan_Project\transformer_pkg\results\junshan_L1D_P24H_1h_transformer_nextday16h_mc_20260901_002524\compare_20251008.csv
2025-10-09,24,243.86957092285152,6.971308773182194,6.971308773182194,24,d:\Junshan_Project\transformer_pkg\results\junshan_L1D_P24H_1h_transformer_nextday16h_mc_20260901_002524\compare_20251009.png,d:\Junshan_Project\transformer_pkg\results\junshan_L1D_P24H_1h_transformer_nextday16h_mc_20260901_002524\compare_20251009.csv
2025-10-10,24,164.32295125325513,4.741272082437265,4.741272082437265,24,d:\Junshan_Project\transformer_pkg\results\junshan_L1D_P24H_1h_transformer_nextday16h_mc_20260901_002524\compare_20251010.png,d:\Junshan_Project\transformer_pkg\results\junshan_L1D_P24H_1h_transformer_nextday16h_mc_20260901_002524\compare_20251010.csv
2025-10-11,24,154.47292887369795,4.887717635367918,4.887717635367918,24,d:\Junshan_Project\transformer_pkg\results\junshan_L1D_P24H_1h_transformer_nextday16h_mc_20260901_002524\compare_20251011.png,d:\Junshan_Project\transformer_pkg\results\junshan_L1D_P24H_1h_transformer_nextday16h_mc_20260901_002524\compare_20251011.csv
2025-10-12,24,185.0778951009115,6.22974227628423,6.22974227628423,24,d:\Junshan_Project\transformer_pkg\results\junshan_L1D_P24H_1h_transformer_nextday16h_mc_20260901_002524\compare_20251012.png,d:\Junshan_Project\transformer_pkg\results\junshan_L1D_P24H_1h_transformer_nextday16h_mc_20260901_002524\compare_20251012.csv
2025-10-13,24,194.89998372395826,6.183278481333621,6.183278481333621,24,d:\Junshan_Project\transformer_pkg\results\junshan_L1D_P24H_1h_transformer_nextday16h_mc_20260901_002524\compare_20251013.png,d:\Junshan_Project\transformer_pkg\results\junshan_L1D_P24H_1h_transformer_nextday16h_mc_20260901_002524\compare_20251013.csv
2025-10-14,24,250.54412638346352,7.597263722667571,7.597263722667571,24,d:\Junshan_Project\transformer_pkg\results\junshan_L1D_P24H_1h_transformer_nextday16h_mc_20260901_002524\compare_20251014.png,d:\Junshan_Project\transformer_pkg\results\junshan_L1D_P24H_1h_transformer_nextday16h_mc_20260901_002524\compare_20251014.csv
2025-10-15,24,124.0145914713542,4.300765602874714,4.300765602874714,24,d:\Junshan_Project\transformer_pkg\results\junshan_L1D_P24H_1h_transformer_nextday16h_mc_20260901_002524\compare_20251015.png,d:\Junshan_Project\transformer_pkg\results\junshan_L1D_P24H_1h_transformer_nextday16h_mc_20260901_002524\compare_20251015.csv
2025-10-16,24,163.44457194010417,5.500972918210013,5.500972918210013,24,d:\Junshan_Project\transformer_pkg\results\junshan_L1D_P24H_1h_transformer_nextday16h_mc_20260901_002524\compare_20251016.png,d:\Junshan_Project\transformer_pkg\results\junshan_L1D_P24H_1h_transformer_nextday16h_mc_20260901_002524\compare_20251016.csv
2025-10-17,24,160.23332722981772,4.496090441732368,4.496090441732368,24,d:\Junshan_Project\transformer_pkg\results\junshan_L1D_P24H_1h_transformer_nextday16h_mc_20260901_002524\compare_20251017.png,d:\Junshan_Project\transformer_pkg\results\junshan_L1D_P24H_1h_transformer_nextday16h_mc_20260901_002524\compare_20251017.csv
2025-10-18,24,172.43417561848958,5.429536091268371,5.429536091268371,24,d:\Junshan_Project\transformer_pkg\results\junshan_L1D_P24H_1h_transformer_nextday16h_mc_20260901_002524\compare_20251018.png,d:\Junshan_Project\transformer_pkg\results\junshan_L1D_P24H_1h_transformer_nextday16h_mc_20260901_002524\compare_20251018.csv
2025-10-19,24,196.00417887369795,6.100931888963906,6.100931888963906,24,d:\Junshan_Project\transformer_pkg\results\junshan_L1D_P24H_1h_transformer_nextday16h_mc_20260901_002524\compare_20251019.png,d:\Junshan_Project\transformer_pkg\results\junshan_L1D_P24H_1h_transformer_nextday16h_mc_20260901_002524\compare_20251019.csv
2025-10-20,24,119.05291035970053,3.9424696204573952,3.9424696204573952,24,d:\Junshan_Project\transformer_pkg\results\junshan_L1D_P24H_1h_transformer_nextday16h_mc_20260901_002524\compare_20251020.png,d:\Junshan_Project\transformer_pkg\results\junshan_L1D_P24H_1h_transformer_nextday16h_mc_20260901_002524\compare_20251020.csv
2025-10-21,24,119.68959350585936,3.9943682419526723,3.9943682419526723,24,d:\Junshan_Project\transformer_pkg\results\junshan_L1D_P24H_1h_transformer_nextday16h_mc_20260901_002524\compare_20251021.png,d:\Junshan_Project\transformer_pkg\results\junshan_L1D_P24H_1h_transformer_nextday16h_mc_20260901_002524\compare_20251021.csv
2025-10-22,24,237.78706868489584,6.941306425951524,6.941306425951524,24,d:\Junshan_Project\transformer_pkg\results\junshan_L1D_P24H_1h_transformer_nextday16h_mc_20260901_002524\compare_20251022.png,d:\Junshan_Project\transformer_pkg\results\junshan_L1D_P24H_1h_transformer_nextday16h_mc_20260901_002524\compare_20251022.csv
2025-10-23,24,243.47125854492188,6.94063509060971,6.94063509060971,24,d:\Junshan_Project\transformer_pkg\results\junshan_L1D_P24H_1h_transformer_nextday16h_mc_20260901_002524\compare_20251023.png,d:\Junshan_Project\transformer_pkg\results\junshan_L1D_P24H_1h_transformer_nextday16h_mc_20260901_002524\compare_20251023.csv
2025-10-24,24,91.56789347330732,3.0692861845410757,3.0692861845410757,24,d:\Junshan_Project\transformer_pkg\results\junshan_L1D_P24H_1h_transformer_nextday16h_mc_20260901_002524\compare_20251024.png,d:\Junshan_Project\transformer_pkg\results\junshan_L1D_P24H_1h_transformer_nextday16h_mc_20260901_002524\compare_20251024.csv
2025-10-25,24,198.7770711263021,7.293577239390601,7.293577239390601,24,d:\Junshan_Project\transformer_pkg\results\junshan_L1D_P24H_1h_transformer_nextday16h_mc_20260901_002524\compare_20251025.png,d:\Junshan_Project\transformer_pkg\results\junshan_L1D_P24H_1h_transformer_nextday16h_mc_20260901_002524\compare_20251025.csv
2025-10-26,24,143.6537404378255,4.604600605652505,4.604600605652505,24,d:\Junshan_Project\transformer_pkg\results\junshan_L1D_P24H_1h_transformer_nextday16h_mc_20260901_002524\compare_20251026.png,d:\Junshan_Project\transformer_pkg\results\junshan_L1D_P24H_1h_transformer_nextday16h_mc_20260901_002524\compare_20251026.csv
2025-10-27,24,178.54835205078123,5.5694137805660064,5.5694137805660064,24,d:\Junshan_Project\transformer_pkg\results\junshan_L1D_P24H_1h_transformer_nextday16h_mc_20260901_002524\compare_20251027.png,d:\Junshan_Project\transformer_pkg\results\junshan_L1D_P24H_1h_transformer_nextday16h_mc_20260901_002524\compare_20251027.csv
2025-10-28,24,133.75833943684896,4.2026819074727255,4.2026819074727255,24,d:\Junshan_Project\transformer_pkg\results\junshan_L1D_P24H_1h_transformer_nextday16h_mc_20260901_002524\compare_20251028.png,d:\Junshan_Project\transformer_pkg\results\junshan_L1D_P24H_1h_transformer_nextday16h_mc_20260901_002524\compare_20251028.csv
2025-10-29,24,206.1196085611979,6.446680429068039,6.446680429068039,24,d:\Junshan_Project\transformer_pkg\results\junshan_L1D_P24H_1h_transformer_nextday16h_mc_20260901_002524\compare_20251029.png,d:\Junshan_Project\transformer_pkg\results\junshan_L1D_P24H_1h_transformer_nextday16h_mc_20260901_002524\compare_20251029.csv
2025-10-30,24,194.55877888997392,6.252137842112155,6.252137842112155,24,d:\Junshan_Project\transformer_pkg\results\junshan_L1D_P24H_1h_transformer_nextday16h_mc_20260901_002524\compare_20251030.png,d:\Junshan_Project\transformer_pkg\results\junshan_L1D_P24H_1h_transformer_nextday16h_mc_20260901_002524\compare_20251030.csv
2025-10-31,24,101.82081705729168,3.5328484670381948,3.5328484670381948,24,d:\Junshan_Project\transformer_pkg\results\junshan_L1D_P24H_1h_transformer_nextday16h_mc_20260901_002524\compare_20251031.png,d:\Junshan_Project\transformer_pkg\results\junshan_L1D_P24H_1h_transformer_nextday16h_mc_20260901_002524\compare_20251031.csv
2025-11-01,24,111.64289957682293,3.789663199903148,3.789663199903148,24,d:\Junshan_Project\transformer_pkg\results\junshan_L1D_P24H_1h_transformer_nextday16h_mc_20260901_002524\compare_20251101.png,d:\Junshan_Project\transformer_pkg\results\junshan_L1D_P24H_1h_transformer_nextday16h_mc_20260901_002524\compare_20251101.csv
2025-11-02,24,124.54668477376303,3.8874682330719543,3.8874682330719543,24,d:\Junshan_Project\transformer_pkg\results\junshan_L1D_P24H_1h_transformer_nextday16h_mc_20260901_002524\compare_20251102.png,d:\Junshan_Project\transformer_pkg\results\junshan_L1D_P24H_1h_transformer_nextday16h_mc_20260901_002524\compare_20251102.csv
2025-11-03,24,181.14747416178383,5.5289526482613764,5.5289526482613764,24,d:\Junshan_Project\transformer_pkg\results\junshan_L1D_P24H_1h_transformer_nextday16h_mc_20260901_002524\compare_20251103.png,d:\Junshan_Project\transformer_pkg\results\junshan_L1D_P24H_1h_transformer_nextday16h_mc_20260901_002524\compare_20251103.csv
2025-11-04,24,228.52746785481773,6.59211112450599,6.59211112450599,24,d:\Junshan_Project\transformer_pkg\results\junshan_L1D_P24H_1h_transformer_nextday16h_mc_20260901_002524\compare_20251104.png,d:\Junshan_Project\transformer_pkg\results\junshan_L1D_P24H_1h_transformer_nextday16h_mc_20260901_002524\compare_20251104.csv
2025-11-05,24,109.42581685384111,3.4781836761613802,3.4781836761613802,24,d:\Junshan_Project\transformer_pkg\results\junshan_L1D_P24H_1h_transformer_nextday16h_mc_20260901_002524\compare_20251105.png,d:\Junshan_Project\transformer_pkg\results\junshan_L1D_P24H_1h_transformer_nextday16h_mc_20260901_002524\compare_20251105.csv
2025-11-06,24,210.8266693115235,6.9642699606856135,6.9642699606856135,24,d:\Junshan_Project\transformer_pkg\results\junshan_L1D_P24H_1h_transformer_nextday16h_mc_20260901_002524\compare_20251106.png,d:\Junshan_Project\transformer_pkg\results\junshan_L1D_P24H_1h_transformer_nextday16h_mc_20260901_002524\compare_20251106.csv
2025-11-07,24,193.37708435058593,6.197872648778913,6.197872648778913,24,d:\Junshan_Project\transformer_pkg\results\junshan_L1D_P24H_1h_transformer_nextday16h_mc_20260901_002524\compare_20251107.png,d:\Junshan_Project\transformer_pkg\results\junshan_L1D_P24H_1h_transformer_nextday16h_mc_20260901_002524\compare_20251107.csv
2025-11-08,24,158.1166768391927,6.5169346333805045,6.5169346333805045,24,d:\Junshan_Project\transformer_pkg\results\junshan_L1D_P24H_1h_transformer_nextday16h_mc_20260901_002524\compare_20251108.png,d:\Junshan_Project\transformer_pkg\results\junshan_L1D_P24H_1h_transformer_nextday16h_mc_20260901_002524\compare_20251108.csv
2025-11-09,24,161.27708435058594,5.661762652287021,5.661762652287021,24,d:\Junshan_Project\transformer_pkg\results\junshan_L1D_P24H_1h_transformer_nextday16h_mc_20260901_002524\compare_20251109.png,d:\Junshan_Project\transformer_pkg\results\junshan_L1D_P24H_1h_transformer_nextday16h_mc_20260901_002524\compare_20251109.csv
2025-11-10,24,161.15289204915368,5.298999861111754,5.298999861111754,24,d:\Junshan_Project\transformer_pkg\results\junshan_L1D_P24H_1h_transformer_nextday16h_mc_20260901_002524\compare_20251110.png,d:\Junshan_Project\transformer_pkg\results\junshan_L1D_P24H_1h_transformer_nextday16h_mc_20260901_002524\compare_20251110.csv
2025-11-11,24,173.72543233235683,6.895007811817989,6.895007811817989,24,d:\Junshan_Project\transformer_pkg\results\junshan_L1D_P24H_1h_transformer_nextday16h_mc_20260901_002524\compare_20251111.png,d:\Junshan_Project\transformer_pkg\results\junshan_L1D_P24H_1h_transformer_nextday16h_mc_20260901_002524\compare_20251111.csv
2025-11-12,24,163.32039896647132,5.148460179473563,5.148460179473563,24,d:\Junshan_Project\transformer_pkg\results\junshan_L1D_P24H_1h_transformer_nextday16h_mc_20260901_002524\compare_20251112.png,d:\Junshan_Project\transformer_pkg\results\junshan_L1D_P24H_1h_transformer_nextday16h_mc_20260901_002524\compare_20251112.csv
2025-11-13,24,200.8716501871745,6.36416257663979,6.36416257663979,24,d:\Junshan_Project\transformer_pkg\results\junshan_L1D_P24H_1h_transformer_nextday16h_mc_20260901_002524\compare_20251113.png,d:\Junshan_Project\transformer_pkg\results\junshan_L1D_P24H_1h_transformer_nextday16h_mc_20260901_002524\compare_20251113.csv
2025-11-14,24,175.43582153320312,5.000348852278649,5.000348852278649,24,d:\Junshan_Project\transformer_pkg\results\junshan_L1D_P24H_1h_transformer_nextday16h_mc_20260901_002524\compare_20251114.png,d:\Junshan_Project\transformer_pkg\results\junshan_L1D_P24H_1h_transformer_nextday16h_mc_20260901_002524\compare_20251114.csv
2025-11-15,24,240.987099202474,7.157769092355672,7.157769092355672,24,d:\Junshan_Project\transformer_pkg\results\junshan_L1D_P24H_1h_transformer_nextday16h_mc_20260901_002524\compare_20251115.png,d:\Junshan_Project\transformer_pkg\results\junshan_L1D_P24H_1h_transformer_nextday16h_mc_20260901_002524\compare_20251115.csv
2025-11-16,24,263.30335388183596,8.755441769567904,8.755441769567904,24,d:\Junshan_Project\transformer_pkg\results\junshan_L1D_P24H_1h_transformer_nextday16h_mc_20260901_002524\compare_20251116.png,d:\Junshan_Project\transformer_pkg\results\junshan_L1D_P24H_1h_transformer_nextday16h_mc_20260901_002524\compare_20251116.csv
2025-11-17,24,236.3550048828125,7.756027587594865,7.756027587594865,24,d:\Junshan_Project\transformer_pkg\results\junshan_L1D_P24H_1h_transformer_nextday16h_mc_20260901_002524\compare_20251117.png,d:\Junshan_Project\transformer_pkg\results\junshan_L1D_P24H_1h_transformer_nextday16h_mc_20260901_002524\compare_20251117.csv
2025-11-18,24,211.87290547688804,7.302396725690301,7.302396725690301,24,d:\Junshan_Project\transformer_pkg\results\junshan_L1D_P24H_1h_transformer_nextday16h_mc_20260901_002524\compare_20251118.png,d:\Junshan_Project\transformer_pkg\results\junshan_L1D_P24H_1h_transformer_nextday16h_mc_20260901_002524\compare_20251118.csv
2025-11-19,24,170.4025095621745,5.104184459970784,5.104184459970784,24,d:\Junshan_Project\transformer_pkg\results\junshan_L1D_P24H_1h_transformer_nextday16h_mc_20260901_002524\compare_20251119.png,d:\Junshan_Project\transformer_pkg\results\junshan_L1D_P24H_1h_transformer_nextday16h_mc_20260901_002524\compare_20251119.csv
2025-11-20,24,112.27290547688801,3.6615302495916318,3.6615302495916318,24,d:\Junshan_Project\transformer_pkg\results\junshan_L1D_P24H_1h_transformer_nextday16h_mc_20260901_002524\compare_20251120.png,d:\Junshan_Project\transformer_pkg\results\junshan_L1D_P24H_1h_transformer_nextday16h_mc_20260901_002524\compare_20251120.csv
2025-11-21,24,151.5704121907552,4.794080504188494,4.794080504188494,24,d:\Junshan_Project\transformer_pkg\results\junshan_L1D_P24H_1h_transformer_nextday16h_mc_20260901_002524\compare_20251121.png,d:\Junshan_Project\transformer_pkg\results\junshan_L1D_P24H_1h_transformer_nextday16h_mc_20260901_002524\compare_20251121.csv
2025-11-22,24,147.98042805989584,4.808662868641456,4.808662868641456,24,d:\Junshan_Project\transformer_pkg\results\junshan_L1D_P24H_1h_transformer_nextday16h_mc_20260901_002524\compare_20251122.png,d:\Junshan_Project\transformer_pkg\results\junshan_L1D_P24H_1h_transformer_nextday16h_mc_20260901_002524\compare_20251122.csv
2025-11-23,24,287.34916585286464,10.672338079764122,10.672338079764122,24,d:\Junshan_Project\transformer_pkg\results\junshan_L1D_P24H_1h_transformer_nextday16h_mc_20260901_002524\compare_20251123.png,d:\Junshan_Project\transformer_pkg\results\junshan_L1D_P24H_1h_transformer_nextday16h_mc_20260901_002524\compare_20251123.csv
2025-11-24,24,192.92503051757816,6.64906724632193,6.64906724632193,24,d:\Junshan_Project\transformer_pkg\results\junshan_L1D_P24H_1h_transformer_nextday16h_mc_20260901_002524\compare_20251124.png,d:\Junshan_Project\transformer_pkg\results\junshan_L1D_P24H_1h_transformer_nextday16h_mc_20260901_002524\compare_20251124.csv
2025-11-25,24,183.9020853678385,6.357640930880831,6.357640930880831,24,d:\Junshan_Project\transformer_pkg\results\junshan_L1D_P24H_1h_transformer_nextday16h_mc_20260901_002524\compare_20251125.png,d:\Junshan_Project\transformer_pkg\results\junshan_L1D_P24H_1h_transformer_nextday16h_mc_20260901_002524\compare_20251125.csv
2025-11-26,24,148.8133321126302,5.1660076225380545,5.1660076225380545,24,d:\Junshan_Project\transformer_pkg\results\junshan_L1D_P24H_1h_transformer_nextday16h_mc_20260901_002524\compare_20251126.png,d:\Junshan_Project\transformer_pkg\results\junshan_L1D_P24H_1h_transformer_nextday16h_mc_20260901_002524\compare_20251126.csv
2025-11-27,24,119.01999308268229,3.8194812366894904,3.8194812366894904,24,d:\Junshan_Project\transformer_pkg\results\junshan_L1D_P24H_1h_transformer_nextday16h_mc_20260901_002524\compare_20251127.png,d:\Junshan_Project\transformer_pkg\results\junshan_L1D_P24H_1h_transformer_nextday16h_mc_20260901_002524\compare_20251127.csv
2025-11-28,24,157.71041056315102,5.361904994721911,5.361904994721911,24,d:\Junshan_Project\transformer_pkg\results\junshan_L1D_P24H_1h_transformer_nextday16h_mc_20260901_002524\compare_20251128.png,d:\Junshan_Project\transformer_pkg\results\junshan_L1D_P24H_1h_transformer_nextday16h_mc_20260901_002524\compare_20251128.csv
2025-11-29,24,159.71501566569012,6.006346579612746,6.006346579612746,24,d:\Junshan_Project\transformer_pkg\results\junshan_L1D_P24H_1h_transformer_nextday16h_mc_20260901_002524\compare_20251129.png,d:\Junshan_Project\transformer_pkg\results\junshan_L1D_P24H_1h_transformer_nextday16h_mc_20260901_002524\compare_20251129.csv
2025-11-30,24,196.58544718424483,6.82747749672659,6.82747749672659,24,d:\Junshan_Project\transformer_pkg\results\junshan_L1D_P24H_1h_transformer_nextday16h_mc_20260901_002524\compare_20251130.png,d:\Junshan_Project\transformer_pkg\results\junshan_L1D_P24H_1h_transformer_nextday16h_mc_20260901_002524\compare_20251130.csv
2025-12-01,24,158.07293599446612,4.7218372162307265,4.7218372162307265,24,d:\Junshan_Project\transformer_pkg\results\junshan_L1D_P24H_1h_transformer_nextday16h_mc_20260901_002524\compare_20251201.png,d:\Junshan_Project\transformer_pkg\results\junshan_L1D_P24H_1h_transformer_nextday16h_mc_20260901_002524\compare_20251201.csv
2025-12-02,24,167.84873555501306,5.539571795743306,5.539571795743306,24,d:\Junshan_Project\transformer_pkg\results\junshan_L1D_P24H_1h_transformer_nextday16h_mc_20260901_002524\compare_20251202.png,d:\Junshan_Project\transformer_pkg\results\junshan_L1D_P24H_1h_transformer_nextday16h_mc_20260901_002524\compare_20251202.csv
2025-12-03,24,162.91000366210938,5.329952113077257,5.329952113077257,24,d:\Junshan_Project\transformer_pkg\results\junshan_L1D_P24H_1h_transformer_nextday16h_mc_20260901_002524\compare_20251203.png,d:\Junshan_Project\transformer_pkg\results\junshan_L1D_P24H_1h_transformer_nextday16h_mc_20260901_002524\compare_20251203.csv
2025-12-04,24,172.232529703776,6.067310290131477,6.067310290131477,24,d:\Junshan_Project\transformer_pkg\results\junshan_L1D_P24H_1h_transformer_nextday16h_mc_20260901_002524\compare_20251204.png,d:\Junshan_Project\transformer_pkg\results\junshan_L1D_P24H_1h_transformer_nextday16h_mc_20260901_002524\compare_20251204.csv
2025-12-05,24,172.58375447591143,6.324790612363952,6.324790612363952,24,d:\Junshan_Project\transformer_pkg\results\junshan_L1D_P24H_1h_transformer_nextday16h_mc_20260901_002524\compare_20251205.png,d:\Junshan_Project\transformer_pkg\results\junshan_L1D_P24H_1h_transformer_nextday16h_mc_20260901_002524\compare_20251205.csv
2025-12-06,24,168.42125040690107,5.139690318844945,5.139690318844945,24,d:\Junshan_Project\transformer_pkg\results\junshan_L1D_P24H_1h_transformer_nextday16h_mc_20260901_002524\compare_20251206.png,d:\Junshan_Project\transformer_pkg\results\junshan_L1D_P24H_1h_transformer_nextday16h_mc_20260901_002524\compare_20251206.csv
2025-12-07,24,125.14585164388022,4.404331966599911,4.404331966599911,24,d:\Junshan_Project\transformer_pkg\results\junshan_L1D_P24H_1h_transformer_nextday16h_mc_20260901_002524\compare_20251207.png,d:\Junshan_Project\transformer_pkg\results\junshan_L1D_P24H_1h_transformer_nextday16h_mc_20260901_002524\compare_20251207.csv
2025-12-08,24,245.84703877766927,8.567642217755056,8.567642217755056,24,d:\Junshan_Project\transformer_pkg\results\junshan_L1D_P24H_1h_transformer_nextday16h_mc_20260901_002524\compare_20251208.png,d:\Junshan_Project\transformer_pkg\results\junshan_L1D_P24H_1h_transformer_nextday16h_mc_20260901_002524\compare_20251208.csv
2025-12-09,24,113.11248168945308,4.069728359517851,4.069728359517851,24,d:\Junshan_Project\transformer_pkg\results\junshan_L1D_P24H_1h_transformer_nextday16h_mc_20260901_002524\compare_20251209.png,d:\Junshan_Project\transformer_pkg\results\junshan_L1D_P24H_1h_transformer_nextday16h_mc_20260901_002524\compare_20251209.csv
2025-12-10,24,225.1237335205078,7.688264120840259,7.688264120840259,24,d:\Junshan_Project\transformer_pkg\results\junshan_L1D_P24H_1h_transformer_nextday16h_mc_20260901_002524\compare_20251210.png,d:\Junshan_Project\transformer_pkg\results\junshan_L1D_P24H_1h_transformer_nextday16h_mc_20260901_002524\compare_20251210.csv
2025-12-11,24,175.17789611816406,5.721186178340143,5.721186178340143,24,d:\Junshan_Project\transformer_pkg\results\junshan_L1D_P24H_1h_transformer_nextday16h_mc_20260901_002524\compare_20251211.png,d:\Junshan_Project\transformer_pkg\results\junshan_L1D_P24H_1h_transformer_nextday16h_mc_20260901_002524\compare_20251211.csv
2025-12-12,24,117.33544413248701,4.2147674845180765,4.2147674845180765,24,d:\Junshan_Project\transformer_pkg\results\junshan_L1D_P24H_1h_transformer_nextday16h_mc_20260901_002524\compare_20251212.png,d:\Junshan_Project\transformer_pkg\results\junshan_L1D_P24H_1h_transformer_nextday16h_mc_20260901_002524\compare_20251212.csv
2025-12-13,24,187.9946085611979,6.390871873045033,6.390871873045033,24,d:\Junshan_Project\transformer_pkg\results\junshan_L1D_P24H_1h_transformer_nextday16h_mc_20260901_002524\compare_20251213.png,d:\Junshan_Project\transformer_pkg\results\junshan_L1D_P24H_1h_transformer_nextday16h_mc_20260901_002524\compare_20251213.csv
2025-12-14,24,167.45085856119792,5.520607768151315,5.520607768151315,24,d:\Junshan_Project\transformer_pkg\results\junshan_L1D_P24H_1h_transformer_nextday16h_mc_20260901_002524\compare_20251214.png,d:\Junshan_Project\transformer_pkg\results\junshan_L1D_P24H_1h_transformer_nextday16h_mc_20260901_002524\compare_20251214.csv
2025-12-15,24,167.97538248697916,5.690250948013417,5.690250948013417,24,d:\Junshan_Project\transformer_pkg\results\junshan_L1D_P24H_1h_transformer_nextday16h_mc_20260901_002524\compare_20251215.png,d:\Junshan_Project\transformer_pkg\results\junshan_L1D_P24H_1h_transformer_nextday16h_mc_20260901_002524\compare_20251215.csv
2025-12-16,24,200.95123392740888,7.334803749138583,7.334803749138583,24,d:\Junshan_Project\transformer_pkg\results\junshan_L1D_P24H_1h_transformer_nextday16h_mc_20260901_002524\compare_20251216.png,d:\Junshan_Project\transformer_pkg\results\junshan_L1D_P24H_1h_transformer_nextday16h_mc_20260901_002524\compare_20251216.csv
2025-12-17,24,86.90169169108071,3.207889999050751,3.207889999050751,24,d:\Junshan_Project\transformer_pkg\results\junshan_L1D_P24H_1h_transformer_nextday16h_mc_20260901_002524\compare_20251217.png,d:\Junshan_Project\transformer_pkg\results\junshan_L1D_P24H_1h_transformer_nextday16h_mc_20260901_002524\compare_20251217.csv
2025-12-18,24,161.00333251953123,5.6229402472188825,5.6229402472188825,24,d:\Junshan_Project\transformer_pkg\results\junshan_L1D_P24H_1h_transformer_nextday16h_mc_20260901_002524\compare_20251218.png,d:\Junshan_Project\transformer_pkg\results\junshan_L1D_P24H_1h_transformer_nextday16h_mc_20260901_002524\compare_20251218.csv
2025-12-19,24,178.0337636311849,6.042370222618412,6.042370222618412,24,d:\Junshan_Project\transformer_pkg\results\junshan_L1D_P24H_1h_transformer_nextday16h_mc_20260901_002524\compare_20251219.png,d:\Junshan_Project\transformer_pkg\results\junshan_L1D_P24H_1h_transformer_nextday16h_mc_20260901_002524\compare_20251219.csv
2025-12-20,24,148.61292622884113,4.914016625073084,4.914016625073084,24,d:\Junshan_Project\transformer_pkg\results\junshan_L1D_P24H_1h_transformer_nextday16h_mc_20260901_002524\compare_20251220.png,d:\Junshan_Project\transformer_pkg\results\junshan_L1D_P24H_1h_transformer_nextday16h_mc_20260901_002524\compare_20251220.csv
2025-12-21,24,153.09790751139323,5.8951754124585465,5.8951754124585465,24,d:\Junshan_Project\transformer_pkg\results\junshan_L1D_P24H_1h_transformer_nextday16h_mc_20260901_002524\compare_20251221.png,d:\Junshan_Project\transformer_pkg\results\junshan_L1D_P24H_1h_transformer_nextday16h_mc_20260901_002524\compare_20251221.csv
2025-12-22,24,90.57542215983074,3.348258438282844,3.348258438282844,24,d:\Junshan_Project\transformer_pkg\results\junshan_L1D_P24H_1h_transformer_nextday16h_mc_20260901_002524\compare_20251222.png,d:\Junshan_Project\transformer_pkg\results\junshan_L1D_P24H_1h_transformer_nextday16h_mc_20260901_002524\compare_20251222.csv
2025-12-23,24,233.21833292643228,8.202956016095111,8.202956016095111,24,d:\Junshan_Project\transformer_pkg\results\junshan_L1D_P24H_1h_transformer_nextday16h_mc_20260901_002524\compare_20251223.png,d:\Junshan_Project\transformer_pkg\results\junshan_L1D_P24H_1h_transformer_nextday16h_mc_20260901_002524\compare_20251223.csv
2025-12-24,24,104.98310852050781,3.5431115963164515,3.5431115963164515,24,d:\Junshan_Project\transformer_pkg\results\junshan_L1D_P24H_1h_transformer_nextday16h_mc_20260901_002524\compare_20251224.png,d:\Junshan_Project\transformer_pkg\results\junshan_L1D_P24H_1h_transformer_nextday16h_mc_20260901_002524\compare_20251224.csv
2025-12-25,24,172.5252227783203,5.84966710347049,5.84966710347049,24,d:\Junshan_Project\transformer_pkg\results\junshan_L1D_P24H_1h_transformer_nextday16h_mc_20260901_002524\compare_20251225.png,d:\Junshan_Project\transformer_pkg\results\junshan_L1D_P24H_1h_transformer_nextday16h_mc_20260901_002524\compare_20251225.csv
2025-12-26,24,165.7704132080078,5.120399865339018,5.120399865339018,24,d:\Junshan_Project\transformer_pkg\results\junshan_L1D_P24H_1h_transformer_nextday16h_mc_20260901_002524\compare_20251226.png,d:\Junshan_Project\transformer_pkg\results\junshan_L1D_P24H_1h_transformer_nextday16h_mc_20260901_002524\compare_20251226.csv
2025-12-27,24,98.05917765299482,3.9840131900051143,3.9840131900051143,24,d:\Junshan_Project\transformer_pkg\results\junshan_L1D_P24H_1h_transformer_nextday16h_mc_20260901_002524\compare_20251227.png,d:\Junshan_Project\transformer_pkg\results\junshan_L1D_P24H_1h_transformer_nextday16h_mc_20260901_002524\compare_20251227.csv
2025-12-28,24,184.51248575846353,6.409207658432315,6.409207658432315,24,d:\Junshan_Project\transformer_pkg\results\junshan_L1D_P24H_1h_transformer_nextday16h_mc_20260901_002524\compare_20251228.png,d:\Junshan_Project\transformer_pkg\results\junshan_L1D_P24H_1h_transformer_nextday16h_mc_20260901_002524\compare_20251228.csv
2025-12-29,24,174.95459086100263,6.254397460265981,6.254397460265981,24,d:\Junshan_Project\transformer_pkg\results\junshan_L1D_P24H_1h_transformer_nextday16h_mc_20260901_002524\compare_20251229.png,d:\Junshan_Project\transformer_pkg\results\junshan_L1D_P24H_1h_transformer_nextday16h_mc_20260901_002524\compare_20251229.csv
2025-12-30,24,216.11543172200518,8.210847103772885,8.210847103772885,24,d:\Junshan_Project\transformer_pkg\results\junshan_L1D_P24H_1h_transformer_nextday16h_mc_20260901_002524\compare_20251230.png,d:\Junshan_Project\transformer_pkg\results\junshan_L1D_P24H_1h_transformer_nextday16h_mc_20260901_002524\compare_20251230.csv
2025-12-31,24,166.46750895182285,5.891666853896175,5.891666853896175,24,d:\Junshan_Project\transformer_pkg\results\junshan_L1D_P24H_1h_transformer_nextday16h_mc_20260901_002524\compare_20251231.png,d:\Junshan_Project\transformer_pkg\results\junshan_L1D_P24H_1h_transformer_nextday16h_mc_20260901_002524\compare_20251231.csv
