时间,预测流量
2025-12-31 00:00:00,1906.9379548617444
2025-12-31 01:00:00,1689.0581336934506
2025-12-31 02:00:00,1641.1926588491108
2025-12-31 03:00:00,1648.5150397886732
2025-12-31 04:00:00,1765.6056470023232
2025-12-31 05:00:00,2129.6489452076876
2025-12-31 06:00:00,2712.5914652450233
2025-12-31 07:00:00,3427.502785345223
2025-12-31 08:00:00,3876.9101543226234
2025-12-31 09:00:00,3972.374949516993
2025-12-31 10:00:00,3873.4697942490657
2025-12-31 11:00:00,3613.478000945182
2025-12-31 12:00:00,3359.635619906313
2025-12-31 13:00:00,3210.7514630295855
2025-12-31 14:00:00,3166.857138534188
2025-12-31 15:00:00,3113.435166563459
2025-12-31 16:00:00,3091.712726414647
2025-12-31 17:00:00,3190.711519845426
2025-12-31 18:00:00,3326.7828626818937
2025-12-31 19:00:00,3564.7773287415584
2025-12-31 20:00:00,3713.517587539337
2025-12-31 21:00:00,3522.3386434214417
2025-12-31 22:00:00,3038.72463183104
2025-12-31 23:00:00,2416.643080138977
