窗口,模型,有效点,MAE,RMSE,MAPE(%)
fit (45天),Transformer (α=1),1080,184.5677,257.6724,5.8271
fit (45天),TimesFM (α=0),1080,192.9648,266.5408,6.0649
fit (45天),融合 (α=0.600),1080,178.2492,250.6754,5.6102
valid (45天),Transformer (α=1),1080,168.2683,227.6017,5.7999
valid (45天),TimesFM (α=0),1080,164.5338,224.3376,5.7815
valid (45天),融合 (α=0.600),1080,157.0989,215.6202,5.4432
全部,Transformer (α=1),2160,176.4180,243.1025,5.8135
全部,TimesFM (α=0),2160,178.7493,246.3447,5.9232
全部,融合 (α=0.600),2160,167.6740,233.8057,5.5267
